Tahun,Merek,Model,Bahan_Bakar,Jenis_Kendaraan,Km
2000,FIAT,MAREA,PETROL,MANUAL,"215725,0"
2010,PEUGEOT,206,DIESEL,MANUAL,"245682,0"
2012,PEUGEOT,208,PETROL,MANUAL,75055
2005,FIAT,ALBEA,PETROL,AUTOMATIC,87590
2012,RENAULT,KANGOO,DIESEL,MANUAL,22
2010,PEUGEOT,206,DIESEL,MANUAL,215386
2011,HYUNDAI,GETZ,DIESEL,MANUAL,108762
2013,RENAULT,SYMBOL,DIESEL,MANUAL,83556
2014,RENAULT,SYMBOL,DIESEL,MANUAL,"66738,0"
2014,RENAULT,SYMBOL,DIESEL,MANUAL,0
2013,RENAULT,SYMBOL,DIESEL,MANUAL,75869
2013,RENAULT,sYMBOL,DIESEL,MANUAL,104
2014,RENAULT,FLUENCE,DIESEL,MANUAL,"793,0"
2014,RENAULT,SYMBOL,DIESEL,MANUAL,98375
2013,RENAULT,CLIO_III,DIESEL,MANUAL,1199
2014,RENAULT,syMBOL,DIESEL,MANUAL,"91182,0"
2015,RENAULT,SYMBOL,DIESEL,MANUAL,54694
2013,RENAULT,SYMBOL,DIESEL,MANUAL,0
2015,RENAULT,SYMBOL,DIESEL,MANUAL,51
2014,RENAULT,SYMBOL,DIESEL,MANUAL,52441
2013,FORD,FiESTA,DIESEL,MANUAL,"165779,0"
2014,RENAULT,SymBOL,DIESEL,MANUAL,95809
2014,RENAULT,SYMBOL,DIESEL,MANUAL,96221
2015,RENAULT,SYMBOL,dIESEL,MANUAL,"47552,0"
2014,RENAULT,SYMBOL,DIESEL,MANUAL,92403
2015,RENAULT,SYMBOL,DIESEL,maNUAL,37332
2013,PEUGEOT,301,DIESEL,MANUAL,73979
2013,RENAULT,FLUENCE,DIESEL,MANUAL,182316
2014,RENAULT,SYMBOL,DIESEL,MANUAL,100
2014,RENAULT,SYMBOL,dieSEL,MANUAL,"97202,0"
2014,RENAULT,SYMBOL,DIESel,MANUAL,92035
2013,RENAULT,FLUENCE,DIESEL,MANUAL,"191554,0"
2013,dACIA,LODGY,diESEL,MANUAL,76812
2013,RENAULT,FLUENCE,DIESEL,MANUAL,172
2013,RENAULT,FLUENCE,DIESEL,MANUAL,"183850,0"
2013,FIAT,DOBLO,DIESEL,MANUAL,52146
2013,rENAULT,FLUENCE,DIESEL,MANUAL,131219
2015,RENAULT,SYMBOL,DIESEL,MANUAL,57311
2013,RENAULT,FLUENCE,DIESEL,MANUAL,105056
2015,RENAULT,SYMBOL,DIESEL,MANUAL,95510
2013,FIAT,DOBLO,DIESEL,MANUAL,41839
2013,FIAT,DOBLO,DIESEL,MANUAL,48662
2013,FIAT,dobLO,DIESEL,MANUAL,46841
2013,FORD,Fiesta,DIESEL,MANUAL,110993
2013,RENAULT,Clio,DIESEL,MANUAL,62059
2015,RENAULT,SYMBOL,DIESEL,MANUAL,77379
2013,DACIA,LODGY,DIESEL,MANUAL,51374
2013,dACIA,lODGY,DIESEL,MANUAL,94971
2013,DACIA,LODGY,PETROL,MANUAL,47347
2015,RENAULT,sYMBOL,DIESEL,MANUAL,111625
2013,DACIA,LODGY,DIESEL,MANUAL,85
2011,FORD,FOCUS,diesel,MANUAL,141020
2015,RENAULT,SYMBOL,DIESEL,MANUAL,91411
2013,DACIA,LODGY,DIESEL,MANUAL,90061
2013,RENAULT,FLUENCE,DIESEL,MANUAL,181
2014,RENAULT,sYMBOL,DIESEL,MANUAL,16400
2016,TOYOTA,yAris,PETROL,MANUAL,6
2013,RENAULT,FLUENCE,petrol,MANUAL,125155
2015,RENAULT,syMBOL,DIESEL,manual,54254
2013,DACIA,loDGY,DIESEL,MANUAL,75402
2013,DACIA,LODGY,DIESEL,MANUAL,102140
2013,RENAULT,CLIO,DIESEL,MANUAL,134778
2013,DACIA,LODGY,DIESEL,MANUAL,99810
2013,RENAULT,FLUENCE,DIESEL,MANUAL,155406
2015,RENAULT,SYMBOL,DIESEL,MANUAL,8
2013,DACIA,LODGY,DIESEL,MANUAL,103561
2013,DACIA,LODGY,DIESEL,manual,82707
2013,RENAULT,FLUENCE,DIESEL,MANUAL,167421
2013,RENAULT,FLUENCE,DIESEL,MANUAL,139985
2015,RENAULT,SYMBOL,DIESEL,MANUAL,73445
2013,RENAULT,FLUENCE,DIESEL,MANUAL,92025
2013,RENAULT,CLIO_III,DIESEL,MANUAL,115293
2013,RENAULT,FLUENCE,DIESEL,Manual,174640
2013,FORD,FIESTA,DIESEL,MANUAL,126782
2013,DACIA,LODGY,DIESEL,MANUAL,72954
2013,DACIA,LODGY,DIESEL,MANUAL,"6,0"
2013,RENAULT,CLIO_III,DIESEL,aUTOMATIC,117905
2013,RENAULT,CLIO_III,DIESEL,MANUAL,95907
2013,DACIA,LODGY,DIESEL,MANUAL,96531
2013,RENAULT,CLIO,DIESEL,MANUAL,84420
2013,DACIA,LODGY,DIESEL,maNUAL,87295
2013,RENAULT,CLIO_III,DIESEL,MANUAL,138327
2013,RENAULT,FLUENCE,DIESEL,MANUAL,"159203,0"
2013,RENAULT,CLIO_III,DIESEL,MANUAL,104697
2013,RENAULT,CLIO_III,DIESEL,MANUAL,75284
2013,RENAULT,FLUENCE,DIESEL,mANUAL,213040
2013,DACIA,LODGY,DIESEL,MANUAL,67266
2013,RENAULT,FLUENCE,DIESEL,MANUAL,168969
2013,RENAULT,FLUENCE,DIESEL,MANUAL,161571
2013,FORD,FIESTA,DIESEL,MANUAL,90725
2013,DACIA,LODGY,diESEL,mANUAL,52373
2013,RENAULT,CLIO_III,diESEL,mANUAL,108215
2013,RENAULT,FLUENCE,diESEL,maNUAL,133197
2013,DACIA,LODGY,diESEL,MANUAL,70090
2013,DACIA,LODGY,dIESEL,manUAL,77164
2013,DACIA,LODGY,DIESEL,manual,707
2013,RENAULT,CLIO_III,DIESEL,maNUAL,71845
2013,RENAULT,CLIO_III,DIESEL,maNUAL,89319
2013,RENAULT,FLUENCE,DIESEL,MANUAL,157355
2013,FORD,FIESTA,DIESEL,MANUAL,68250
2013,RENAULT,CLIO_III,DIESEL,MANUAL,84131
2013,RENAULT,CLIO_III,DIESEL,MANUAL,76247
2013,RENAULT,CLIO_III,DIESEL,MANUAL,87104
2013,DACIA,LODGY,DIESEL,MANUAL,66283
2013,DACIA,LODGY,DIESEL,MANUAL,50785
2013,RENAULT,CLIO_III,DIESEL,MANUAL,77993
2013,RENAULT,CLIO,DIESEL,MANUAL,84135
2013,RENAULT,CLIO_III,DIESEL,MANUAL,89097
2013,RENAULT,CLIO_III,DIESEL,MANUAL,109330
2013,fORD,TRANSIT,DIESEL,MANUAL,115509
2013,RENAULT,FLUENCE,DIESEL,aUTOMATIC,91445
2013,ForD,FIESTA,DIESEL,MANUAL,85598
2013,RENAULT,FLUENCE,DIESEL,MANUAL,"79250,0"
2013,RENAULT,FLUENCE,DIESEL,MANUAL,146520
2013,RENAULT,CLIO_III,DIESEL,MANUAL,67720
2013,RENAULT,FLUENCE,DIESEL,MANUAL,108660
2013,ReNAULT,CLIO,DIESEL,MANUAL,86962
2013,RENAULT,CLIO_III,DIESEL,MANUAL,55094
2013,RENAULT,CLIO_III,DIESEL,MANUAL,74459
2013,RENAULT,FLUENCE,DIESEL,AUTOMATIC,180780
2013,RENAULT,CLIO_III,DIESEL,MANUAL,68
2013,RENAULT,FLUENCE,DIESEL,MANUAL,73160
2013,RENAULT,CLIO,DIESEL,MANUAL,773
2013,RENAULT,FLUENCE,DIESEL,MANUAL,153228
2013,RENAULT,FLUENCE,DIESEL,MANUAL,114671
2015,rENAULT,CLIO,DIESEL,MANUAL,43308
2013,RENAULT,FLUENCE,DIESEL,MANUAL,110664
2014,RENAULT,FLUENCE,DIESEL,AUTOMATIC,140351
2013,FORD,FIESTA,DIESEL,MANUAL,62453
2013,RENAULT,CLIO_III,DIESEL,MANUAL,62834
2013,RENAULT,CLIO_III,DIESEL,MANUAL,63505
2013,RENAULT,FLUENCE,DIESEL,MANUAL,144891
2013,RENAULT,FLUENCE,DIESEL,MANUAL,147020
2013,RENAULT,FLUENCE,DIESEL,MANUAL,106675
2013,RENAULT,FLUENCE,DIESEL,AUTOMATIC,137156
2013,RENAULT,FLUENCE,DIESEL,MANUAL,76404
2013,RENAULT,FLUENCE,DIESEL,MANUAL,100781
2013,RENAULT,FLUENCE,DIESEL,MANUAL,"142429,0"
2013,RENAULT,CLIO_III,DIESEL,MANUAL,53683
2013,RENAULT,FLUENCE,DIESEL,MANUAL,112416
2013,RENAULT,CLIO_III,DIESEL,MANUAL,53314
2013,RENAULT,FLUENCE,DIESEL,MANUAL,78978
2012,FORD,FOCUS,DIESEL,MANUAL,187562
2013,RENAULT,FLUENCE,DIESEL,MANUAL,137406
2014,RENAULT,FLUENCE,DIESEL,MANUAL,97100
2013,RENAULT,FLUENCE,DIESEL,MANUAL,48519
2013,RENAULT,FLUENCE,DIESEL,MANUAL,129552
2013,RENAULT,FLUENCE,DIESEL,AUTOMATIC,92379
2013,RENAULT,FLUENCE,DIESEL,MANUAL,110817
2013,RENAULT,MEGANE_III,DIESEL,AUTOMATIC,"115550,0"
2013,RENAULT,MEGANE_III,DIESEL,AUTOMATIC,78615
2013,RENAULT,FLUENCE,DIESEL,AUTOMATIC,83095
2013,RENAULT,FLUENCE,DIESEL,MANUAL,94965
2014,RENAULT,FLUENCE,DIESEL,MANUAL,90735
2013,RENAULT,FLUENCE,DIESEL,AUTOMATIC,78517
2014,RENAULT,FLUENCE,DIESEL,MANUAL,100022
2016,PEUGEOT,301,DIESEL,MANUAL,29007
2013,FORD,foCUS,PETROL,AUTOMATIC,50959
2014,PEUGEOT,208,DIESEL,AUTOMATIC,57456
2013,RENAULT,FLUENCE,DIESEL,AUTOMATIC,91971
2013,RENAULT,MEGANE_III,DIESEL,AUTOMATIC,68514
2011,VOLKSWAGEN,PASSAT,PETROL,MANUAL,136190
2014,daCIA,DUSTER,DIESEL,MANUAL,"100933,0"
2013,RENAULT,FLUENCE,DIESEL,AUTOMATIC,86150
2014,RENAULT,FLUENCE,DIESEL,MANUAL,63952
2015,RENAULT,FLUENCE,DIESEL,MANUAL,70405
2015,RENAULT,FLUENCE,DIESEL,MANUAL,61145
2013,RENAULT,FLUENCE,DIESEL,AUTOMATIC,102619
2014,RENAULT,FLUENCE,DIESEL,AUTOMATIC,71242
2014,RENAULT,FLUENCE,dIESEL,MANUAL,49541
2013,RENAULT,FLUENCE,DIESEL,AUTOMATIC,90382
2014,HYUNDAI,ACCENT_BLUE,DIESEL,AUTOMATIC,82489
2014,RENAULT,FLUENCE,DIESEL,aUTOMATIC,121119
2013,OPEL,ASTRA,DIESEL,MANUAL,155817
2016,NISSAN,MICRA,PETROL,AUTOMATIC,12132
2014,HYUNDAI,I30,DIESEL,MANUAL,59873
2015,RENAULT,FLUENCE,DIESEL,MANUAL,57069
2016,PEUGEOT,208,PETROL,AUTOMATIC,17068
2013,CITROEN,C4,DIESEL,AUTOMATIC,108215
2014,RENAULT,FLUENCE,DIESEL,MANUAL,64697
2014,FORD,FOCUS,DIESEL,MANUAL,"143279,0"
2013,FIAT,500L,DIESEL,MANUAL,87100
2015,RENAULT,FLUENCE,DIESEL,MANUAL,59510
2013,KIA,CEE'D,DIESEL,AUTOMATIC,160891
2014,DACIA,DUSTER,DIESEL,MANUAL,98728
2012,TOYOTA,AURIS,PETROL,AUTOMATIC,44400
2014,DACIA,DUSTER,DIESEL,MANUAL,107090
2013,RENAULT,FLUENCE,DIESEL,AUTOMATIC,40027
2014,FORD,focUS,PETROL,AUTOMATIC,92792
2013,PEUGEOT,508,DIESEL,AUTOMATIC,"110096,0"
2014,RENAULT,FLUENCE,DIESEL,AUTOMATIC,93827
2015,RENAULT,FLUENCE,DIESEL,AUTOMATIC,61841
2016,RENAULT,FLUENCE,DIESEL,MANUAL,28869
2013,RENAULT,FLUENCE,DIESEL,AUTOMATIC,28518
2015,RENAULT,MEGANE_IV,DIESEL,MANUAL,52535
2015,RENAULT,CLIO,DIESEL,AUTOMATIC,18745
2013,VOLKSWAGEN,JETTA,DIESEL,AUTOMATIC,117227
2014,PEUGEOT,508,DIESEL,AUTOMATIC,70191
2014,cITROEN,C5,DIESEL,AUTOMATIC,62925
2013,pEUGEOT,508,DIESEL,AUTOMATIC,149979
2013,VOLKSWAGEN,JETTA,DIESEL,AUTOMATIC,135386
2014,TOYOTA,COROLLA,DIESEL,AUTOMATIC,83092
2015,cITROEN,C5,DIESEL,AUTOMATIC,76833
2016,FIAT,EGEA,DIESEL,MANUAL,23930
2013,VOLKSWAGEN,JETTA,DIESEL,AUTOMATIC,74568
2013,VOLKSWAGEN,JETTA,DIESEL,AUTOMATIC,108463
2014,VOLKSWAGEN,JETTA,DIESEL,AUTOMATIC,100994
2013,VOLKSWAGEN,JETTA,DIESEL,AUTOMATIC,49735
2013,VOLKSWAGEN,JETTA,DIESEL,AUTOMATIC,69250
2013,VOLKSWAGEN,JETTA,DIESEL,AUTOMATIC,77659
2015,TOYOTA,COROLLA,DIESEL,AUTOMATIC,"6530,0"
2015,FORD,FOCUS,DIESEL,AUTOMATIC,35910
2013,VOLKSWAGEN,JETTA,DIESEL,AUTOMATIC,50588
2013,VOLKSWAGEN,JETTA,DIESEL,AUTOMATIC,61547
2013,VOLKSWAGEN,JETTA,DIESEL,AUTOMATIC,36563
2015,SKODA,OCTAVIA,DIESEL,AUTOMATIC,85813
2013,VOLKSWAGEN,JETTA,DIESEL,AUTOMATIC,48253
2016,OPEL,ASTRA,DIESEL,AUTOMATIC,17667
2016,SKODA,OCTAVIA,DIESEL,AUTOMATIC,44633
2013,VOLKSWAGEN,PASSAT,PETROL,AUTOMATIC,101797
2013,FORD,MONDEO,DIESEL,AUTOMATIC,146198
2016,SKODA,OCTAVIA,DIESEL,AUTOMATIC,"44602,0"
2013,VOLKSWAGEN,PASSAT,DIESEL,AUTOMATIC,167190
2013,AUDI,A4,DIESEL,AUTOMATIC,95240
2014,MERCEDES_BENZ,A_SERISI,PETROL,AUTOMATIC,77351
2013,VOLVO,S60,DIESEL,AUTOMATIC,44230
2013,VOLKSWAGEN,PASSAT,DIESEL,AUTOMATIC,"60029,0"
2013,VOLKSWAGEN,PASSAT,DIESEL,AUTOMATIC,131237
2013,VOLKSWAGEN,PASSAT,DIESEL,AUTOMATIC,41664
2014,VOLKSWAGEN,PASSAT,DIESEL,AUTOMATIC,59854
2013,VOLKSWAGEN,PASSAT,DIESEL,AUTOMATIC,47210
2013,VOLKSWAGEN,PASSAT,DIESEL,AUTOMATIC,37083
2015,AUDI,A3,DIESEL,AUTOMATIC,33204
2013,VOLKSWAGEN,PASSAT,DIESEL,AUTOMATIC,84398
2014,NISSAN,QASHQAI,DIESEL,AUTOMATIC,43182
2012,MERCEDES_BENZ,C_SERISI,PETROL,AUTOMATIC,48306
2013,AUDI,A4,DIESEL,AUTOMATIC,602
2013,BMW,3_Serisi,PETROL,AUTOMATIC,70196
2013,VOLKSWAGEN,PASSAT,DIESEL,AUTOMATIC,36899
2015,AUDI,A3,DIESEL,AUTOMATIC,25362
2013,AUDI,A4,DIESEL,AUTOMATIC,"102810,0"
2015,VOLVO,S60,DIESEL,AUTOMATIC,"473,0"
2011,MERCEDES_BENZ,C_SERISI,PETROL,AUTOMATIC,71000
2011,MERCEDES_BENZ,C_SERISI,PETROL,aUTOMATIC,79000
2015,MERCEDES_BENZ,A_SERISI,PETROL,AUTOMATIC,42144
2015,BMW,2_Serisi,PETROL,AUTOMATIC,18704
2012,BMW,3_Serisi,DIESEL,AUTOMATIC,150
2014,AUDI,A4,DIESEL,AUTOMATIC,61843
2011,AUDI,A5,DIESEL,AUTOMATIC,151931
2014,BMW,3_Serisi,PETROL,AUTOMATIC,256
2015,MERCEDES_BENZ,CLA_SERISI,DIESEL,MANUAL,19400
2013,AUDI,A5,PETROL,AUTOMATIC,91704
2014,BMW,3_Serisi,DIESEL,AUTOMATIC,93301
2013,BMW,5_Serisi,DIESEL,AUTOMATIC,127035
2016,MERCEDES_BENZ,C_SERISI,peTROL,AUTOMATIC,12080
2014,AUDI,A6,DIESEL,AUTOMATIC,"159,0"
2014,BMW,X5,DIESEL,AUTOMATIC,39170
2015,DACIA,DUSTER,DIESEL,MANUAL,84700
2013,DACIA,LODGY,DIESEL,MaNUAL,55811
2011,FIAT,DOBLO,dieSEL,MANUAL,211638
2011,FIAT,DOBLO,DIESEL,MANUAL,223519
2011,FIAT,DUCATO,DIESEL,MANUAL,229935
2012,FIAT,LINEA,dIESEL,MANUAL,185649
2013,FIAT,LINEA,DIESEL,MANUAL,9
2012,FORD,FIESTA,DIESEL,MANUAL,138842
2014,FORD,TOURNEO,DIESEL,MANUAL,64283
2009,FORD,TRANSIT,DIESEL,MANUAL,176926
2009,FORD,TRANSIT,DIESEL,MANUAL,199660
2012,FORD,TRANSIT,DIESEL,MANUAL,"227083,0"
2013,FORD,TRANSIT,DIESEL,MANUAL,43793
2013,FORD,TRANSIT,DIESEL,MANUAL,54807
2013,FORD,TRANSIT,DIESEL,MANUAL,79476
2013,FORD,TRANSIT,DIESEL,MANUAL,125138
2013,FORD,TRANSIT,DIESEL,MANUAL,152301
2013,FORD,TRANSIT,DIESEL,MANUAL,31147
2013,FORD,TRANSIT,DIESEL,MANUAL,130884
2013,FORD,TRANSIT,DIESEL,MANUAL,38555
2013,FORD,TRANSIT,DIESEL,MANUAL,111732
2013,FORD,TRANSIT,DIESEL,MANUAL,81561
2015,FORD,TRANSIT,DIESEL,MANUAL,45354
2012,HYUNDAI,ACCENT_BLUE,DIESEL,AUTOMATIC,130881
2013,HYUNDAI,ACCENT_BLUE,DIESEL,MANUAL,105990
2012,OPEL,ASTRA,PETROL,AUTOMATIC,25589
2013,RENAULT,CLIO,DIESEL,MANUAL,168122
2013,RENAULT,CLIO_III,DIESEL,MANUAL,63354
2015,RENAULT,CLIO_IV,DIESEL,MANUAL,"25916,0"
2015,RENAULT,CLIO_IV,DIESEL,MANUAL,19412
2013,RENAULT,FLUENCE,DIESEL,AUTOMATIC,40455
2013,TOYOTA,YARIS,DIESEL,AUTOMATIC,164297
2009,VOLKSWAGEN,PASSAT,DIESEL,AUTOMATIC,220526
2013,VOLKSWAGEN,TRANSPORTER,DIESEL,MANUAL,137729
2013,VOLKSWAGEN,TRANSPORTER,DIESEL,MANUAL,166777
2013,RENAULT,FLUENCE,DIESEL,MANUAL,96137
2012,RENAULT,SYMBOL,PETROL,MANUAL,94009
2013,VOLKSWAGEN,AMAROK,DIESEL,MANUAL,113059
2013,VOLKSWAGEN,AMAROK,DIESEL,MANUAL,"74902,0"
2016,HYUNDAI,ACCENT_BLUE,DIESEL,AUTOMATIC,2000
2000,FIAT,MAREA,PETROL,MANUAL,215725
2009,FORD,TRANSIT,DIESEL,MANUAL,169175
2011,RENAULT,SYMBOL,DIESEL,MANUAL,176955
2012,RENAULT,SYMBOL,DIESEL,MANUAL,194550
2011,HYUNDAI,ACCENT_ERA,DIESEL,MANUAL,216445
2011,FIAT,LINEA,DIESEL,MANUAL,169861
2011,HYUNDAI,MATRIX,DIESEL,MANUAL,122725
2012,RENAULT,CLIO,DIESEL,MANUAL,172094
2013,RENAULT,SYMBOL,DIESEL,MANUAL,170278
2011,RENAULT,CLIO,DIESEL,MANUAL,143171
2012,FIAT,LINEA,DIESEL,MANUAL,130994
2011,RENAULT,FLUENCE,DIESEL,MANUAL,212152
2013,RENAULT,SYMBOL,DIESEL,MANUAL,"159212,0"
2013,RENAULT,SYMBOL,DIESEL,MANUAL,171067
2013,HYUNDAI,I20,DIESEL,MANUAL,171806
2013,RENAULT,SYMBOL,DIESEL,MANUAL,130100
2012,RENAULT,CLIO,PETROL,MANUAL,137221
2013,RENAULT,SYMBOL,DIESEL,MANUAL,98225
2012,HYUNDAI,ACCENT_ERA,DIESEL,MANUAL,"120394,0"
2012,DACIA,SANDERO,DIESEL,MANUAL,54360
2013,RENAULT,SYMBOL,DIESEL,MANUAL,99625
2013,FIAT,DOBLO,DIESEL,MANUAL,170357
2012,RENAULT,CLIO,PETROL,MANUAL,109454
2013,RENAULT,FLUENCE,DIESEL,MANUAL,191983
2013,RENAULT,SYMBOL,DIESEL,MANUAL,83788
2013,RENAULT,FLUENCE,DIESEL,MANUAL,158773
2013,RENAULT,SYMBOL,DIESEL,MANUAL,87564
2013,FIAT,LINEA,DIESEL,MANUAL,71444
2013,RENAULT,FLUENCE,DIESEL,MANUAL,130459
2013,RENAULT,CLIO,DIESEL,MANUAL,198054
2013,HYUNDAI,I20,DIESEL,MANUAL,126295
2013,RENAULT,FLUENCE,DIESEL,MANUAL,202877
2013,FIAT,LINEA,DIESEL,MANUAL,"36987,0"
2013,DACIA,LODGY,DIESEL,MANUAL,82035
2013,RENAULT,FLUENCE,DIESEL,MANUAL,90432
2013,DACIA,LODGY,DIESEL,MANUAL,96775
2013,RENAULT,CLIO_III,DIESEL,MANUAL,124478
2013,HYUNDAI,I20,DIESEL,MANUAL,88658
2013,RENAULT,FLUENCE,DIESEL,MANUAL,"183439,0"
2013,RENAULT,FLUENCE,DIESEL,MANUAL,227454
2008,VOLKSWAGEN,JETTA,PETROL,AUTOMATIC,170529
2013,HYUNDAI,ACCENT_BLUE,DIESEL,MANUAL,180706
2013,RENAULT,CLIO_III,DIESEL,MANUAL,79894
2014,PEUGEOT,301,DIESEL,MANUAL,81092
2013,RENAULT,CLIO_III,DIESEL,MANUAL,77475
2013,RENAULT,CLIO_III,DIESEL,MANUAL,126098
2013,RENAULT,CLIO_III,DIESEL,MANUAL,133614
2013,RENAULT,FLUENCE,DIESEL,MANUAL,189439
2013,DACIA,LODGY,DIESEL,MANUAL,93523
2013,RENAULT,CLIO_III,DIESEL,MANUAL,126373
2013,RENAULT,FLUENCE,DIESEL,MANUAL,220251
2013,RENAULT,FLUENCE,DIESEL,MANUAL,"209561,0"
2015,RENAULT,SYMBOL,DIESEL,MANUAL,74368
2013,RENAULT,FLUENCE,DIESEL,MANUAL,209858
2014,PEUGEOT,301,DIESEL,MANUAL,112050
2015,RENAULT,SYMBOL,DIESEL,MANUAL,40236
2013,RENAULT,FLUENCE,DIESEL,MANUAL,178439
2013,DACIA,LODGY,DIESEL,MANUAL,72652
2013,RENAULT,CLIO_III,DIESEL,MANUAL,108674
2013,RENAULT,CLIO_III,DIESEL,MANUAL,92840
2013,RENAULT,FLUENCE,DIESEL,MANUAL,142283
2013,RENAULT,CLIO_III,DIESEL,MANUAL,93048
2013,RENAULT,FLUENCE,DIESEL,MANUAL,96943
2013,RENAULT,CLIO_III,DIESEL,MANUAL,84504
2013,RENAULT,FLUENCE,DIESEL,MANUAL,180641
2013,RENAULT,CLIO_III,DIESEL,MANUAL,"63022,0"
2013,RENAULT,CLIO_III,DIESEL,MANUAL,101696
2013,RENAULT,CLIO_III,DIESEL,MANUAL,108839
2013,RENAULT,CLIO_III,DIESEL,MANUAL,98808
2013,RENAULT,CLIO_III,DIESEL,MANUAL,58924
2013,RENAULT,FLUENCE,DIESEL,MANUAL,104264
2013,RENAULT,CLIO_III,DIESEL,MANUAL,90082
2013,RENAULT,FLUENCE,DIESEL,MANUAL,195788
2013,RENAULT,CLIO_III,DIESEL,MANUAL,124741
2013,RENAULT,CLIO_III,DIESEL,MANUAL,"128678,0"
2011,FORD,MONDEO,PETROL,MANUAL,139275
2013,RENAULT,CLIO_III,DIESEL,MANUAL,101731
2013,RENAULT,FLUENCE,DIESEL,MANUAL,149404
2013,RENAULT,FLUENCE,DIESEL,MANUAL,197069
2013,RENAULT,CLIO_III,DIESEL,MANUAL,119617
2013,RENAULT,FLUENCE,DIESEL,MANUAL,178532
2013,RENAULT,CLIO_III,DIESEL,MANUAL,61010
2013,DACIA,LODGY,DIESEL,MANUAL,83657
2013,RENAULT,FLUENCE,DIESEL,MANUAL,"87875,0"
2013,RENAULT,FLUENCE,DIESEL,MANUAL,129859
2013,RENAULT,FLUENCE,DIESEL,MANUAL,95980
2013,RENAULT,CLIO_III,DIESEL,MANUAL,89105
2013,RENAULT,CLIO_III,DIESEL,MANUAL,40195
2013,RENAULT,CLIO_III,DIESEL,MANUAL,109201
2013,RENAULT,CLIO_III,DIESEL,MANUAL,69048
2012,HYUNDAI,ACCENT_BLUE,DIESEL,AUTOMATIC,114384
2013,RENAULT,FLUENCE,DIESEL,MANUAL,"145224,0"
2013,RENAULT,FLUENCE,DIESEL,MANUAL,113754
2013,RENAULT,FLUENCE,DIESEL,MANUAL,79139
2013,RENAULT,CLIO_III,DIESEL,MANUAL,102454
2013,RENAULT,CLIO_III,DIESEL,MANUAL,75359
2013,RENAULT,CLIO_III,DIESEL,MANUAL,91833
2015,RENAULT,CLIO,DIESEL,MANUAL,24525
2015,PEUGEOT,301,DIESEL,MANUAL,43177
2013,RENAULT,FLUENCE,DIESEL,MANUAL,127527
2014,FORD,TOURNEO,DIESEL,MANUAL,35714
2013,RENAULT,CLIO_III,DIESEL,MANUAL,72335
2011,OPEL,MERIVA,PETROL,MANUAL,74736
2013,RENAULT,FLUENCE,DIESEL,MANUAL,73091
2013,RENAULT,CLIO_III,DIESEL,MANUAL,82469
2013,RENAULT,FLUENCE,DIESEL,MANUAL,164838
2013,RENAULT,CLIO_III,DIESEL,MANUAL,98447
2013,RENAULT,FLUENCE,DIESEL,MANUAL,98943
2013,RENAULT,CLIO_III,DIESEL,MANUAL,89047
2013,RENAULT,CLIO_III,DIESEL,MANUAL,"99327,0"
2013,RENAULT,CLIO,DIESEL,MANUAL,74308
2013,RENAULT,CLIO_III,DIESEL,MANUAL,69082
2013,FORD,FIESTA,DIESEL,MANUAL,87424
2013,RENAULT,CLIO_III,DIESEL,MANUAL,71065
2013,RENAULT,CLIO_III,DIESEL,MANUAL,74254
2013,RENAULT,FLUENCE,DIESEL,MANUAL,139074
2013,RENAULT,FLUENCE,DIESEL,MANUAL,108496
2013,RENAULT,FLUENCE,DIESEL,MANUAL,43595
2013,VOLKSWAGEN,POLO,DIESEL,AUTOMATIC,138583
2015,RENAULT,CLIO,DIESEL,MANUAL,93793
2013,RENAULT,FLUENCE,DIESEL,MANUAL,104771
2013,RENAULT,CLIO_III,DIESEL,MANUAL,"62084,0"
2013,RENAULT,CLIO_III,DIESEL,MANUAL,62907
2016,PEUGEOT,301,DIESEL,MANUAL,44705
2013,RENAULT,FLUENCE,DIESEL,MANUAL,123673
2013,RENAULT,FLUENCE,DIESEL,MANUAL,106321
2013,RENAULT,FLUENCE,DIESEL,MANUAL,134777
2013,RENAULT,FLUENCE,DIESEL,MANUAL,107017
2013,RENAULT,FLUENCE,DIESEL,MANUAL,127705
2014,FORD,TOURNEO,DIESEL,MANUAL,31675
2013,RENAULT,CLIO_III,DIESEL,MANUAL,57787
2013,RENAULT,FLUENCE,DIESEL,MANUAL,98361
2013,RENAULT,FLUENCE,DIESEL,MANUAL,93461
2013,FORD,FIESTA,DIESEL,MANUAL,46344
2013,RENAULT,FLUENCE,DIESEL,MANUAL,88725
2013,RENAULT,FLUENCE,DIESEL,MANUAL,75212
2013,RENAULT,FLUENCE,DIESEL,MANUAL,121330
2013,RENAULT,FLUENCE,DIESEL,MANUAL,128513
2013,RENAULT,FLUENCE,DIESEL,MANUAL,129566
2013,RENAULT,FLUENCE,DIESEL,MANUAL,71068
2013,RENAULT,FLUENCE,DIESEL,MANUAL,79661
2015,RENAULT,CLIO,DIESEL,MANUAL,62250
2013,RENAULT,FLUENCE,DIESEL,MANUAL,"63000,0"
2013,RENAULT,FLUENCE,DIESEL,MANUAL,92347
2016,PEUGEOT,301,DIESEL,MANUAL,57046
2012,RENAULT,FLUENCE,DIESEL,AUTOMATIC,125934
2013,RENAULT,FLUENCE,DIESEL,MANUAL,76404
2013,RENAULT,FLUENCE,DIESEL,MANUAL,58208
2016,PEUGEOT,208,PETROL,AUTOMATIC,26529
2013,RENAULT,FLUENCE,DIESEL,MANUAL,79238
2016,PEUGEOT,301,DIESEL,MANUAL,33547
2013,RENAULT,MEGANE_III,DIESEL,AUTOMATIC,"158106,0"
2013,FORD,FOCUS,DIESEL,MANUAL,222226
2015,DACIA,LODGY,DIESEL,MANUAL,50803
2013,RENAULT,FLUENCE,DIESEL,MANUAL,48016
2014,HYUNDAI,ACCENT_BLUE,DIESEL,AUTOMATIC,55687
2013,RENAULT,FLUENCE,DIESEL,MANUAL,99476
2014,HYUNDAI,ACCENT_BLUE,DIESEL,AUTOMATIC,76416
2016,NISSAN,MICRA,PETROL,AUTOMATIC,11501
2016,PEUGEOT,208,PETROL,AUTOMATIC,14211
2016,RENAULT,CLIO,DIESEL,MANUAL,18557
2013,TOYOTA,YARIS,DIESEL,AUTOMATIC,"99137,0"
2016,NISSAN,MICRA,PETROL,AUTOMATIC,12519
2014,FIAT,500L,DIESEL,MANUAL,39599
2013,FORD,FOCUS,DIESEL,MANUAL,172031
2014,FORD,FOCUS,DIESEL,MANUAL,120777
2014,HYUNDAI,I30,DIESEL,MANUAL,64946
2013,RENAULT,FLUENCE,DIESEL,AUTOMATIC,147934
2015,RENAULT,FLUENCE,DIESEL,MANUAL,49900
2015,RENAULT,FLUENCE,DIESEL,MANUAL,56410
2014,RENAULT,FLUENCE,DIESEL,AUTOMATIC,104106
2013,FORD,FOCUS,DIESEL,MANUAL,79449
2014,RENAULT,FLUENCE,DIESEL,AUTOMATIC,86398
2014,RENAULT,FLUENCE,DIESEL,AUTOMATIC,76936
2013,FORD,TRANSIT,DIESEL,MANUAL,51660
2014,FORD,FOCUS,DIESEL,MANUAL,62312
2015,RENAULT,FLUENCE,DIESEL,AUTOMATIC,62783
2014,FORD,FOCUS,DIESEL,MANUAL,68681
2013,VOLKSWAGEN,GOLF,DIESEL,MANUAL,107762
2014,TOYOTA,COROLLA,DIESEL,AUTOMATIC,63035
2014,FORD,FOCUS,DIESEL,MANUAL,97176
2016,RENAULT,FLUENCE,DIESEL,MANUAL,30606
2013,VOLKSWAGEN,GOLF,DIESEL,MANUAL,90035
2012,PEUGEOT,508,DIESEL,MANUAL,82994
2015,OPEL,ASTRA,DIESEL,MANUAL,"70284,0"
2015,RENAULT,FLUENCE,DIESEL,AUTOMATIC,41000
2015,OPEL,ASTRA,DIESEL,MANUAL,42009
2014,TOYOTA,COROLLA,DIESEL,MANUAL,54875
2015,FORD,FOCUS,DIESEL,MANUAL,82225
2013,VOLKSWAGEN,JETTA,DIESEL,AUTOMATIC,153710
2013,VOLKSWAGEN,JETTA,DIESEL,AUTOMATIC,126597
2015,CITROEN,C5,DIESEL,AUTOMATIC,69543
2013,VOLKSWAGEN,JETTA,DIESEL,AUTOMATIC,124425
2015,FORD,FOCUS,DIESEL,MANUAL,83691
2015,TOYOTA,COROLLA,DIESEL,AUTOMATIC,63026
2012,MINI,COUNTRYMAN,PETROL,AUTOMATIC,42295
2015,PEUGEOT,508,DIESEL,AUTOMATIC,66949
2016,VOLKSWAGEN,GOLF,DIESEL,MANUAL,20901
2012,VOLKSWAGEN,PASSAT,DIESEL,AUTOMATIC,86207
2016,OPEL,ASTRA,DIESEL,AUTOMATIC,31126
2010,AUDI,A4,DIESEL,AUTOMATIC,150636
2012,AUDI,A4,DIESEL,AUTOMATIC,28887
2014,BMW,1_Serisi,DIESEL,MANUAL,63707
2014,VOLKSWAGEN,PASSAT,DIESEL,AUTOMATIC,84969
2015,VOLVO,S60,DIESEL,AUTOMATIC,45790
2015,MINI,COOPER,DIESEL,AUTOMATIC,25919
2015,BMW,2_Serisi,PETROL,AUTOMATIC,"9022,0"
2015,VOLKSWAGEN,PASSAT,DIESEL,AUTOMATIC,85284
2015,BMW,3_Serisi,PETROL,AUTOMATIC,116400
2013,AUDI,A4,DIESEL,AUTOMATIC,28817
2013,BMW,3_Serisi,DIESEL,AUTOMATIC,173008
2008,LAND ROVER,DISCOVERY_III,DIESEL,AUTOMATIC,174077
2016,MERCEDES_BENZ,A_SERISI,PETROL,AUTOMATIC,26388
2016,BMW,1_Serisi,DIESEL,AUTOMATIC,19570
2013,BMW,3_Serisi,DIESEL,AUTOMATIC,88290
2015,BMW,5_Serisi,DIESEL,AUTOMATIC,"12637,0"
2015,BMW,2_Serisi,DIESEL,AUTOMATIC,12048
2015,NISSAN,X_TRAIL,DIESEL,AUTOMATIC,37029
2015,NISSAN,X_TRAIL,DIESEL,AUTOMATIC,37460
2015,MERCEDES_BENZ,CLA_SERISI,DIESEL,AUTOMATIC,34185
2015,BMW,3_Serisi,PETROL,AUTOMATIC,62033
2014,BMW,5_Serisi,PETROL,AUTOMATIC,117780
2015,MERCEDES_BENZ,CLA_SERISI,DIESEL,AUTOMATIC,"40326,0"
2012,MERCEDES_BENZ,GLK_SERISI,DIESEL,AUTOMATIC,179486
2014,BMW,5_Serisi,PETROL,AUTOMATIC,43963
2014,BMW,5_Serisi,PETROL,AUTOMATIC,24756
2013,BMW,5_Serisi,DIESEL,AUTOMATIC,83413
2015,BMW,X3,PETROL,AUTOMATIC,70000
2016,MERCEDES_BENZ,GLA_SERISI,DIESEL,AUTOMATIC,13072
2016,BMW,5_Serisi,PETROL,AUTOMATIC,38311
2014,AUDI,A6,DIESEL,AUTOMATIC,140101
2015,MERCEDES_BENZ,C_SERISI,DIESEL,AUTOMATIC,26621
2016,BMW,5_Serisi,PETROL,AUTOMATIC,15970
2016,MERCEDES_BENZ,C_SERISI,DIESEL,AUTOMATIC,26970
2014,AUDI,A6,DIESEL,AUTOMATIC,108795
2015,MERCEDES_BENZ,E_SERISI,PETROL,AUTOMATIC,18731
2015,BMW,5_Serisi,DIESEL,AUTOMATIC,108662
2015,BMW,5_Serisi,DIESEL,AUTOMATIC,91087
2016,BMW,5_Serisi,DIESEL,AUTOMATIC,38806
2013,DACIA,LODGY,DIESEL,MANUAL,"163623,0"
2002,FIAT,DOBLO,DIESEL,MANUAL,50898
2014,FORD,FOCUS,DIESEL,MANUAL,119773
2012,FORD,MONDEO,DIESEL,AUTOMATIC,118148
2010,FORD,TRANSIT,DIESEL,MANUAL,102556
2011,FORD,TRANSIT,DIESEL,MANUAL,164466
2012,FORD,TRANSIT,DIESEL,MANUAL,77634
2013,FORD,TRANSIT,DIESEL,MANUAL,35351
2013,FORD,TRANSIT,DIESEL,MANUAL,109686
2013,FORD,TRANSIT,DIESEL,MANUAL,117802
2010,HYUNDAI,GETZ,PETROL,AUTOMATIC,"73576,0"
2013,HYUNDAI,I20,DIESEL,MANUAL,147080
2013,HYUNDAI,SANTA_FE,DIESEL,AUTOMATIC,105014
2006,MAZDA,RX_8,PETROL,MANUAL,171558
2000,MITSUBISHI,CARISMA,PETROL,MANUAL,229125
2016,NISSAN,MICRA,PETROL,AUTOMATIC,8754
2016,PEUGEOT,301,DIESEL,MANUAL,8724
2011,RENAULT,SYMBOL,DIESEL,MANUAL,106542
2012,RENAULT,SYMBOL,DIESEL,MANUAL,141917
2012,RENAULT,SYMBOL,DIESEL,MANUAL,115778
2013,RENAULT,SYMBOL,DIESEL,MANUAL,153442
2013,RENAULT,SYMBOL,DIESEL,MANUAL,175819
2013,RENAULT,SYMBOL,DIESEL,MANUAL,"156703,0"
2013,RENAULT,SYMBOL,DIESEL,MANUAL,129694
2016,RENAULT,SYMBOL,DIESEL,MANUAL,37282
2012,SKODA,YETI,PETROL,AUTOMATIC,96029
2013,VOLKSWAGEN,TRANSPORTER,DIESEL,MANUAL,237809
2015,FORD,TOURNEO,DIESEL,MANUAL,91493
2013,FORD,TRANSIT,DIESEL,MANUAL,68739
2013,FORD,TRANSIT_CUSTOM,DIESEL,MANUAL,130721
2013,FORD,TRANSIT_CUSTOM,DIESEL,MANUAL,88089
2016,KIA,SPORTAGE,PETROL,AUTOMATIC,19657
2000,LADA,VEGA_WAGON,PETROL,MANUAL,226726
2010,PEUGEOT,BIPPER,DIESEL,AUTOMATIC,184623
2013,VOLKSWAGEN,AMAROK,DIESEL,MANUAL,109272
2013,VOLKSWAGEN,AMAROK,DIESEL,MANUAL,85912
2012,VOLVO,S80,PETROL,AUTOMATIC,71962
2005,CHEVROLET,SPARK,PETROL,MANUAL,103341
2009,FIAT,FIORINO,DIESEL,MANUAL,163631
2004,KIA,RIO,PETROL,MANUAL,143091
2001,HYUNDAI,ACCENT,PETROL,MANUAL,175913
2004,RENAULT,CLIO,PETROL,MANUAL,248290
2000,PEUGEOT,206,PETROL,AUTOMATIC,243846
2004,RENAULT,MEGANE_II,DIESEL,MANUAL,"227562,0"
2011,RENAULT,SYMBOL,DIESEL,MANUAL,163551
2000,TOYOTA,COROLLA,PETROL,MANUAL,144675
2007,FIAT,DOBLO,DIESEL,MANUAL,221753
2008,RENAULT,CLIO,PETROL,MANUAL,47517
2009,FIAT,ALBEA,PETROL,MANUAL,67527
2010,FIAT,LINEA,DIESEL,MANUAL,143732
2013,RENAULT,SYMBOL,DIESEL,MANUAL,197550
2011,RENAULT,SYMBOL,DIESEL,MANUAL,205958
2006,RENAULT,MEGANE_II,DIESEL,MANUAL,222544
2011,DACIA,SANDERO,DIESEL,MANUAL,59896
2014,RENAULT,SYMBOL,PETROL,MANUAL,84726
2014,RENAULT,SYMBOL,PETROL,MANUAL,94835
2008,RENAULT,MEGANE_II,DIESEL,AUTOMATIC,170245
2012,RENAULT,SYMBOL,PETROL,MANUAL,28267
2006,TOYOTA,COROLLA,DIESEL,AUTOMATIC,157127
2009,RENAULT,MEGANE_II,DIESEL,AUTOMATIC,165122
2008,RENAULT,CLIO,PETROL,AUTOMATIC,140615
2008,RENAULT,CLIO,DIESEL,MANUAL,105070
2013,FIAT,LINEA,DIESEL,MANUAL,119960
2013,FIAT,LINEA,DIESEL,MANUAL,141018
2011,RENAULT,FLUENCE,DIESEL,MANUAL,181956
2013,FIAT,LINEA,DIESEL,MANUAL,107962
2012,FORD,FIESTA,DIESEL,MANUAL,73036
2013,FIAT,LINEA,DIESEL,MANUAL,125948
2013,RENAULT,SYMBOL,DIESEL,MANUAL,84170
2013,RENAULT,SYMBOL,DIESEL,MANUAL,129409
2013,RENAULT,CLIO_III,DIESEL,MANUAL,163316
2006,OPEL,ASTRA,PETROL,AUTOMATIC,166587
2011,RENAULT,FLUENCE,DIESEL,MANUAL,132972
2013,CITROEN,C_ELYSEE,DIESEL,MANUAL,127042
2013,RENAULT,SYMBOL,DIESEL,MANUAL,157683
2013,RENAULT,SYMBOL,DIESEL,MANUAL,151754
2013,HYUNDAI,I20,DIESEL,MANUAL,141800
2013,RENAULT,SYMBOL,DIESEL,MANUAL,133549
2013,FIAT,PUNTO,DIESEL,MANUAL,109154
2013,RENAULT,SYMBOL,DIESEL,MANUAL,"134519,0"
2013,RENAULT,CLIO_III,DIESEL,MANUAL,208705
2013,RENAULT,CLIO_III,DIESEL,MANUAL,108615
2013,RENAULT,FLUENCE,DIESEL,MANUAL,194688
2013,RENAULT,CLIO_III,DIESEL,MANUAL,184400
2015,RENAULT,SYMBOL,DIESEL,MANUAL,72015
2014,DACIA,LOGAN,DIESEL,MANUAL,28767
2013,DACIA,LODGY,DIESEL,MANUAL,133945
2013,PEUGEOT,301,DIESEL,MANUAL,79436
2014,RENAULT,SYMBOL,DIESEL,MANUAL,83728
2013,OPEL,CORSA,DIESEL,MANUAL,154558
2013,RENAULT,FLUENCE,DIESEL,MANUAL,202877
2013,RENAULT,SYMBOL,DIESEL,MANUAL,104281
2013,RENAULT,FLUENCE,DIESEL,MANUAL,188497
2013,FIAT,LINEA,DIESEL,MANUAL,114333
2013,RENAULT,CLIO_III,DIESEL,MANUAL,147354
2013,RENAULT,CLIO_III,DIESEL,MANUAL,127905
2013,RENAULT,CLIO_III,DIESEL,MANUAL,169243
2013,RENAULT,CLIO,DIESEL,MANUAL,146096
2013,RENAULT,SYMBOL,DIESEL,MANUAL,104677
2014,PEUGEOT,301,DIESEL,MANUAL,93418
2013,RENAULT,FLUENCE,DIESEL,MANUAL,196723
2013,HYUNDAI,I20,DIESEL,MANUAL,"75052,0"
2013,RENAULT,FLUENCE,DIESEL,MANUAL,232599
2013,HYUNDAI,I20,DIESEL,MANUAL,81993
2013,FIAT,LINEA,DIESEL,MANUAL,106316
2013,HYUNDAI,I20,DIESEL,MANUAL,79405
2013,RENAULT,CLIO_III,DIESEL,MANUAL,123625
2013,RENAULT,CLIO_III,DIESEL,MANUAL,106578
2013,DACIA,LODGY,DIESEL,MANUAL,69087
2013,RENAULT,FLUENCE,DIESEL,MANUAL,176081
2014,FIAT,LINEA,DIESEL,MANUAL,79605
2013,RENAULT,CLIO_III,DIESEL,MANUAL,141553
2013,RENAULT,KANGOO,DIESEL,MANUAL,127748
2013,RENAULT,FLUENCE,DIESEL,MANUAL,221513
2013,RENAULT,CLIO,DIESEL,MANUAL,132622
2013,RENAULT,KANGOO,DIESEL,MANUAL,90786
2013,RENAULT,CLIO_III,DIESEL,MANUAL,82162
2013,RENAULT,FLUENCE,DIESEL,MANUAL,135841
2013,RENAULT,CLIO_III,DIESEL,MANUAL,78834
2013,RENAULT,FLUENCE,DIESEL,MANUAL,194499
2013,RENAULT,CLIO_III,DIESEL,MANUAL,142089
2013,DACIA,LODGY,DIESEL,MANUAL,100104
2013,RENAULT,CLIO_III,DIESEL,MANUAL,144420
2013,OPEL,CORSA,DIESEL,MANUAL,74864
2013,RENAULT,FLUENCE,DIESEL,MANUAL,101327
2013,RENAULT,FLUENCE,DIESEL,MANUAL,"135452,0"
2013,RENAULT,FLUENCE,DIESEL,MANUAL,119189
2013,PEUGEOT,301,DIESEL,MANUAL,88026
2013,RENAULT,FLUENCE,DIESEL,MANUAL,138277
2013,RENAULT,KANGOO,DIESEL,MANUAL,90101
2013,RENAULT,FLUENCE,DIESEL,MANUAL,123548
2013,RENAULT,CLIO_III,DIESEL,MANUAL,90641
2013,RENAULT,FLUENCE,DIESEL,MANUAL,178498
2013,RENAULT,FLUENCE,DIESEL,MANUAL,155922
2013,RENAULT,CLIO_III,DIESEL,MANUAL,95497
2013,RENAULT,FLUENCE,DIESEL,MANUAL,199332
2013,RENAULT,CLIO_III,DIESEL,MANUAL,"71065,0"
2012,RENAULT,FLUENCE,DIESEL,AUTOMATIC,127995
2013,RENAULT,FLUENCE,DIESEL,MANUAL,140681
2013,DACIA,LODGY,DIESEL,MANUAL,87682
2013,RENAULT,CLIO_III,DIESEL,MANUAL,77564
2013,FORD,FIESTA,DIESEL,MANUAL,122091
2013,RENAULT,FLUENCE,DIESEL,MANUAL,135597
2013,RENAULT,FLUENCE,DIESEL,MANUAL,211478
2013,RENAULT,FLUENCE,DIESEL,MANUAL,218044
2013,RENAULT,CLIO_III,DIESEL,MANUAL,103699
2013,RENAULT,CLIO_III,DIESEL,MANUAL,"129462,0"
2015,PEUGEOT,301,DIESEL,MANUAL,34232
2013,RENAULT,FLUENCE,DIESEL,MANUAL,142624
2013,RENAULT,CLIO_III,DIESEL,MANUAL,67577
2013,RENAULT,FLUENCE,DIESEL,MANUAL,204197
2013,RENAULT,CLIO_III,DIESEL,MANUAL,99739
2013,RENAULT,CLIO_III,DIESEL,MANUAL,97243
2014,PEUGEOT,301,DIESEL,MANUAL,71741
2013,RENAULT,CLIO_III,DIESEL,MANUAL,103621
2016,PEUGEOT,301,DIESEL,MANUAL,28900
2015,PEUGEOT,301,DIESEL,MANUAL,103553
2013,RENAULT,CLIO,DIESEL,MANUAL,99102
2013,RENAULT,FLUENCE,DIESEL,MANUAL,176731
2013,RENAULT,CLIO_III,DIESEL,MANUAL,99483
2013,RENAULT,FLUENCE,DIESEL,MANUAL,147721
2013,RENAULT,CLIO_III,DIESEL,MANUAL,120296
2013,RENAULT,FLUENCE,DIESEL,MANUAL,181402
2013,RENAULT,CLIO_III,DIESEL,MANUAL,126937
2013,FORD,FIESTA,DIESEL,MANUAL,100936
2013,RENAULT,CLIO_III,DIESEL,MANUAL,130590
2014,FIAT,LINEA,DIESEL,MANUAL,62267
2013,RENAULT,FLUENCE,DIESEL,MANUAL,192356
2013,RENAULT,FLUENCE,DIESEL,MANUAL,165678
2015,RENAULT,SYMBOL,DIESEL,MANUAL,33913
2014,OPEL,CORSA,DIESEL,MANUAL,64542
2013,RENAULT,FLUENCE,DIESEL,MANUAL,151664
2013,RENAULT,CLIO_III,DIESEL,MANUAL,77310
2013,RENAULT,FLUENCE,DIESEL,MANUAL,167985
2011,RENAULT,FLUENCE,DIESEL,MANUAL,103724
2015,RENAULT,SYMBOL,DIESEL,MANUAL,67967
2013,FORD,FIESTA,DIESEL,MANUAL,121023
2015,RENAULT,SYMBOL,DIESEL,MANUAL,47831
2014,PEUGEOT,301,DIESEL,MANUAL,"96605,0"
2013,RENAULT,FLUENCE,DIESEL,MANUAL,139638
2005,HYUNDAI,TUCSON,DIESEL,AUTOMATIC,170301
2013,RENAULT,FLUENCE,DIESEL,MANUAL,174525
2013,RENAULT,FLUENCE,DIESEL,MANUAL,181510
2013,RENAULT,FLUENCE,DIESEL,MANUAL,168582
2013,RENAULT,FLUENCE,DIESEL,MANUAL,209852
2013,RENAULT,CLIO_III,DIESEL,MANUAL,126098
2014,FIAT,LINEA,DIESEL,MANUAL,53399
2013,RENAULT,FLUENCE,DIESEL,MANUAL,96307
2013,RENAULT,FLUENCE,DIESEL,MANUAL,118684
2013,RENAULT,FLUENCE,DIESEL,MANUAL,112914
2013,RENAULT,FLUENCE,DIESEL,MANUAL,154344
2013,RENAULT,FLUENCE,DIESEL,MANUAL,155781
2013,RENAULT,CLIO_III,DIESEL,MANUAL,87168
2014,FIAT,LINEA,DIESEL,MANUAL,"48405,0"
2013,RENAULT,FLUENCE,DIESEL,MANUAL,113556
2013,RENAULT,FLUENCE,DIESEL,MANUAL,103546
2013,RENAULT,FLUENCE,DIESEL,MANUAL,80149
2013,RENAULT,FLUENCE,DIESEL,MANUAL,95708
2013,RENAULT,FLUENCE,DIESEL,MANUAL,189744
2013,RENAULT,FLUENCE,DIESEL,MANUAL,171727
2013,RENAULT,FLUENCE,DIESEL,MANUAL,165035
2014,PEUGEOT,301,DIESEL,MANUAL,51729
2013,RENAULT,FLUENCE,DIESEL,MANUAL,"177716,0"
2013,RENAULT,FLUENCE,DIESEL,MANUAL,149911
2014,PEUGEOT,301,DIESEL,MANUAL,64809
2014,PEUGEOT,301,DIESEL,MANUAL,60981
2013,PEUGEOT,BOXER,DIESEL,MANUAL,117278
2013,VOLKSWAGEN,POLO,DIESEL,MANUAL,110499
2014,PEUGEOT,301,DIESEL,MANUAL,94865
2014,OPEL,CORSA,DIESEL,MANUAL,48088
2013,RENAULT,FLUENCE,DIESEL,MANUAL,147043
2013,RENAULT,CLIO_III,DIESEL,MANUAL,67632
2015,RENAULT,SYMBOL,DIESEL,MANUAL,66076
2014,PEUGEOT,301,DIESEL,MANUAL,77835
2014,PEUGEOT,301,DIESEL,MANUAL,79775
2013,RENAULT,FLUENCE,DIESEL,MANUAL,132189
2013,RENAULT,CLIO_III,DIESEL,MANUAL,95916
2013,RENAULT,FLUENCE,DIESEL,MANUAL,109774
2008,VOLKSWAGEN,GOLF,PETROL,AUTOMATIC,233820
2013,RENAULT,FLUENCE,DIESEL,MANUAL,152459
2013,RENAULT,FLUENCE,DIESEL,MANUAL,119049
2013,PEUGEOT,301,DIESEL,MANUAL,30545
2013,RENAULT,FLUENCE,DIESEL,MANUAL,143709
2011,RENAULT,FLUENCE,DIESEL,MANUAL,165161
2013,RENAULT,CLIO_III,DIESEL,MANUAL,73337
2013,RENAULT,FLUENCE,DIESEL,MANUAL,109950
2013,RENAULT,FLUENCE,DIESEL,MANUAL,133209
2014,RENAULT,CLIO,DIESEL,MANUAL,112666
2013,RENAULT,FLUENCE,DIESEL,MANUAL,136787
2013,RENAULT,FLUENCE,DIESEL,MANUAL,170442
2010,FORD,MONDEO,DIESEL,AUTOMATIC,207832
2015,FIAT,LINEA,DIESEL,MANUAL,46700
2013,RENAULT,FLUENCE,DIESEL,MANUAL,142183
2013,RENAULT,FLUENCE,DIESEL,MANUAL,143723
2013,RENAULT,FLUENCE,DIESEL,MANUAL,139140
2013,RENAULT,FLUENCE,DIESEL,AUTOMATIC,146518
2014,PEUGEOT,301,DIESEL,MANUAL,50362
2016,PEUGEOT,301,DIESEL,MANUAL,35488
2013,RENAULT,FLUENCE,DIESEL,MANUAL,126116
2013,RENAULT,FLUENCE,DIESEL,MANUAL,"139486,0"
2013,RENAULT,FLUENCE,DIESEL,MANUAL,146284
2013,RENAULT,FLUENCE,DIESEL,MANUAL,154985
2014,PEUGEOT,301,DIESEL,MANUAL,51774
2013,RENAULT,FLUENCE,DIESEL,MANUAL,154927
2014,RENAULT,CLIO_IV,DIESEL,MANUAL,119920
2013,RENAULT,FLUENCE,DIESEL,MANUAL,63425
2013,RENAULT,FLUENCE,DIESEL,MANUAL,77457
2013,RENAULT,FLUENCE,DIESEL,MANUAL,101373
2013,RENAULT,FLUENCE,DIESEL,MANUAL,157757
2013,RENAULT,FLUENCE,DIESEL,MANUAL,120893
2013,RENAULT,FLUENCE,DIESEL,MANUAL,157149
2013,RENAULT,FLUENCE,DIESEL,MANUAL,128340
2015,RENAULT,CLIO,DIESEL,MANUAL,85227
2015,FIAT,LINEA,DIESEL,MANUAL,39337
2013,RENAULT,FLUENCE,DIESEL,MANUAL,99499
2015,PEUGEOT,301,DIESEL,MANUAL,20580
2013,RENAULT,FLUENCE,DIESEL,MANUAL,125765
2013,RENAULT,FLUENCE,DIESEL,MANUAL,119842
2013,RENAULT,FLUENCE,DIESEL,MANUAL,136391
2013,RENAULT,FLUENCE,DIESEL,MANUAL,114957
2013,RENAULT,FLUENCE,DIESEL,MANUAL,124600
2013,RENAULT,FLUENCE,DIESEL,MANUAL,141143
2013,RENAULT,FLUENCE,DIESEL,MANUAL,"123859,0"
2013,RENAULT,FLUENCE,DIESEL,MANUAL,140400
2015,RENAULT,CLIO_IV,DIESEL,MANUAL,74308
2013,RENAULT,FLUENCE,DIESEL,MANUAL,147739
2013,RENAULT,FLUENCE,DIESEL,MANUAL,87421
2005,KIA,SPORTAGE,DIESEL,AUTOMATIC,166734
2013,RENAULT,FLUENCE,DIESEL,MANUAL,134122
2013,RENAULT,FLUENCE,DIESEL,MANUAL,133937
2013,RENAULT,FLUENCE,DIESEL,MANUAL,139981
2013,RENAULT,FLUENCE,DIESEL,MANUAL,71956
2013,RENAULT,FLUENCE,DIESEL,MANUAL,100743
2013,RENAULT,FLUENCE,DIESEL,MANUAL,126281
2013,RENAULT,FLUENCE,DIESEL,MANUAL,133305
2013,RENAULT,FLUENCE,DIESEL,MANUAL,101489
2013,RENAULT,FLUENCE,DIESEL,MANUAL,98805
2013,RENAULT,FLUENCE,DIESEL,MANUAL,92839
2013,RENAULT,FLUENCE,DIESEL,MANUAL,109674
2013,RENAULT,FLUENCE,DIESEL,MANUAL,92150
2013,RENAULT,FLUENCE,DIESEL,MANUAL,130771
2013,RENAULT,FLUENCE,DIESEL,MANUAL,77805
2013,RENAULT,FLUENCE,DIESEL,MANUAL,111959
2013,RENAULT,FLUENCE,DIESEL,MANUAL,129574
2013,RENAULT,FLUENCE,DIESEL,MANUAL,78237
2013,RENAULT,FLUENCE,DIESEL,MANUAL,78945
2013,RENAULT,FLUENCE,DIESEL,MANUAL,114739
2013,RENAULT,FLUENCE,DIESEL,MANUAL,118963
2013,RENAULT,FLUENCE,DIESEL,MANUAL,120044
2014,RENAULT,FLUENCE,DIESEL,MANUAL,139783
2014,VOLKSWAGEN,POLO,PETROL,MANUAL,"69944,0"
2015,DACIA,SANDERO,DIESEL,MANUAL,27094
2013,FORD,B_MAX,PETROL,AUTOMATIC,76337
2013,RENAULT,FLUENCE,DIESEL,MANUAL,41730
2013,RENAULT,FLUENCE,DIESEL,MANUAL,94703
2013,RENAULT,FLUENCE,DIESEL,MANUAL,104676
2013,FIAT,LINEA,DIESEL,MANUAL,71457
2013,RENAULT,FLUENCE,DIESEL,MANUAL,89605
2013,FIAT,LINEA,DIESEL,MANUAL,69512
2013,RENAULT,FLUENCE,DIESEL,MANUAL,68112
2015,RENAULT,CLIO,DIESEL,MANUAL,73836
2013,RENAULT,FLUENCE,DIESEL,MANUAL,86560
2013,RENAULT,FLUENCE,DIESEL,MANUAL,82817
2013,RENAULT,FLUENCE,DIESEL,MANUAL,67775
2013,FIAT,LINEA,DIESEL,MANUAL,58304
2013,RENAULT,FLUENCE,DIESEL,MANUAL,55870
2013,FIAT,LINEA,DIESEL,MANUAL,68741
2014,FORD,B_MAX,DIESEL,AUTOMATIC,63111
2014,RENAULT,FLUENCE,DIESEL,MANUAL,50813
2015,VOLKSWAGEN,POLO,DIESEL,MANUAL,49535
2014,RENAULT,FLUENCE,DIESEL,MANUAL,96454
2014,RENAULT,FLUENCE,DIESEL,MANUAL,91067
2014,RENAULT,FLUENCE,DIESEL,MANUAL,70842
2014,FORD,B_MAX,PETROL,AUTOMATIC,"31122,0"
2016,PEUGEOT,208,PETROL,AUTOMATIC,18583
2016,NISSAN,MICRA,PETROL,AUTOMATIC,17326
2016,PEUGEOT,208,PETROL,AUTOMATIC,19682
2015,HYUNDAI,I20,DIESEL,MANUAL,25378
2014,RENAULT,FLUENCE,DIESEL,AUTOMATIC,101058
2014,HYUNDAI,ACCENT_BLUE,DIESEL,AUTOMATIC,83625
2013,RENAULT,FLUENCE,DIESEL,AUTOMATIC,186836
2013,FORD,FOCUS,DIESEL,MANUAL,236792
2012,OPEL,INSIGNIA,PETROL,MANUAL,93548
2012,VOLKSWAGEN,JETTA,PETROL,MANUAL,"93187,0"
2013,RENAULT,FLUENCE,DIESEL,AUTOMATIC,93725
2014,RENAULT,FLUENCE,DIESEL,AUTOMATIC,100940
2016,NISSAN,MICRA,PETROL,AUTOMATIC,7189
2016,RENAULT,CLIO_IV,DIESEL,MANUAL,23990
2016,HYUNDAI,I20,PETROL,AUTOMATIC,12688
2013,FORD,FOCUS,DIESEL,MANUAL,160907
2014,FIAT,LINEA,DIESEL,MANUAL,33482
2015,RENAULT,CLIO_IV,DIESEL,MANUAL,48269
2014,DACIA,DUSTER,DIESEL,MANUAL,86035
2013,TOYOTA,YARIS,DIESEL,AUTOMATIC,99078
2013,PEUGEOT,508,DIESEL,AUTOMATIC,143120
2015,RENAULT,CLIO_IV,DIESEL,MANUAL,32105
2014,RENAULT,FLUENCE,DIESEL,MANUAL,79989
2013,FIAT,500L,DIESEL,MANUAL,99046
2014,FIAT,500L,DIESEL,MANUAL,42248
2016,NISSAN,MICRA,PETROL,AUTOMATIC,8754
2015,RENAULT,FLUENCE,DIESEL,MANUAL,92932
2014,DACIA,DUSTER,DIESEL,MANUAL,59000
2015,RENAULT,FLUENCE,DIESEL,MANUAL,97569
2013,OPEL,ASTRA,DIESEL,MANUAL,121480
2016,HYUNDAI,I20,DIESEL,MANUAL,24027
2015,RENAULT,FLUENCE,DIESEL,MANUAL,65693
2013,VOLKSWAGEN,POLO,DIESEL,AUTOMATIC,115230
2014,RENAULT,FLUENCE,DIESEL,AUTOMATIC,"50090,0"
2016,HYUNDAI,I20,DIESEL,MANUAL,19911
2014,FORD,FOCUS,DIESEL,MANUAL,154321
2014,FIAT,500L,DIESEL,AUTOMATIC,40067
2011,NISSAN,JUKE,PETROL,AUTOMATIC,75850
2013,CITROEN,C4,DIESEL,AUTOMATIC,143913
2012,FORD,MONDEO,DIESEL,MANUAL,128899
2015,DACIA,DUSTER,DIESEL,MANUAL,102000
2015,HYUNDAI,ACCENT_BLUE,DIESEL,AUTOMATIC,34271
2015,RENAULT,MEGANE_III,DIESEL,MANUAL,71593
2013,FORD,FOCUS,DIESEL,MANUAL,148847
2013,FORD,FOCUS,PETROL,AUTOMATIC,72927
2013,OPEL,ASTRA,DIESEL,MANUAL,160624
2013,PEUGEOT,508,DIESEL,AUTOMATIC,108542
2015,RENAULT,MEGANE_III,DIESEL,MANUAL,42055
2014,FORD,FOCUS,DIESEL,MANUAL,158497
2014,VOLKSWAGEN,POLO,DIESEL,AUTOMATIC,102414
2014,RENAULT,FLUENCE,DIESEL,AUTOMATIC,45631
2015,OPEL,CORSA,PETROL,AUTOMATIC,5772
2014,VOLKSWAGEN,POLO,DIESEL,AUTOMATIC,49081
2013,PEUGEOT,508,DIESEL,AUTOMATIC,108542
2015,RENAULT,MEGANE_III,DIESEL,MANUAL,40468
2012,SEAT,LEON,DIESEL,AUTOMATIC,87856
2015,RENAULT,MEGANE_III,DIESEL,MANUAL,35011
2013,VOLKSWAGEN,GOLF,DIESEL,MANUAL,114633
2013,PEUGEOT,508,DIESEL,AUTOMATIC,93998
2015,RENAULT,FLUENCE,DIESEL,AUTOMATIC,105657
2015,RENAULT,MEGANE_III,DIESEL,MANUAL,47166
2013,VOLKSWAGEN,JETTA,DIESEL,MANUAL,122491
2014,FORD,FOCUS,DIESEL,MANUAL,105759
2014,FORD,FOCUS,DIESEL,MANUAL,109231
2015,RENAULT,MEGANE_III,DIESEL,MANUAL,41323
2015,RENAULT,MEGANE_III,DIESEL,MANUAL,45005
2014,PEUGEOT,508,DIESEL,AUTOMATIC,66771
2013,TOYOTA,AURIS,DIESEL,AUTOMATIC,111606
2015,RENAULT,MEGANE_III,DIESEL,MANUAL,58588
2015,RENAULT,MEGANE_III,DIESEL,MANUAL,62362
2016,HYUNDAI,I20,PETROL,AUTOMATIC,18232
2015,RENAULT,MEGANE_III,DIESEL,MANUAL,36286
2015,RENAULT,MEGANE_III,DIESEL,MANUAL,47440
2015,RENAULT,MEGANE_III,DIESEL,AUTOMATIC,49048
2014,TOYOTA,COROLLA,DIESEL,AUTOMATIC,35627
2015,RENAULT,MEGANE_III,DIESEL,MANUAL,"20648,0"
2014,PEUGEOT,508,DIESEL,AUTOMATIC,83278
2014,FORD,FOCUS,DIESEL,MANUAL,62948
2012,VOLKSWAGEN,JETTA,DIESEL,MANUAL,188314
2015,RENAULT,MEGANE_III,DIESEL,MANUAL,44586
2015,RENAULT,FLUENCE,DIESEL,AUTOMATIC,32273
2015,RENAULT,MEGANE_III,DIESEL,MANUAL,49283
2015,RENAULT,MEGANE_III,DIESEL,MANUAL,42246
2015,RENAULT,MEGANE_III,DIESEL,MANUAL,48180
2015,RENAULT,MEGANE_III,DIESEL,MANUAL,48164
2015,RENAULT,MEGANE_III,DIESEL,AUTOMATIC,47278
2015,RENAULT,MEGANE_III,DIESEL,MANUAL,31875
2015,RENAULT,MEGANE_III,DIESEL,MANUAL,37916
2015,RENAULT,MEGANE_III,DIESEL,MANUAL,39155
2015,RENAULT,MEGANE_III,DIESEL,MANUAL,30977
2013,VOLKSWAGEN,GOLF,DIESEL,MANUAL,67585
2013,TOYOTA,COROLLA,DIESEL,AUTOMATIC,85189
2012,VOLKSWAGEN,JETTA,DIESEL,MANUAL,168355
2012,VOLKSWAGEN,JETTA,dIESEL,AUTOMATIC,137441
2015,OPEL,ASTRA,dieSEL,MANUAL,42014
2013,TOYOTA,corolLA,DIESEL,AUTOMATIC,109219
2013,VOLKSWAGEN,jeTTA,DIESEL,AUTOMATIC,157908
2011,VOLKSWAGEN,pasSAT,DIESEL,AUTOMATIC,145377
2013,VOLKSWAGEN,jeTTA,DIESEL,AUTOMATIC,"169031,0"
2015,RENAULT,meGANE_III,DIESEL,AUTOMATIC,32385
2015,PEUGEOT,308,DIESEL,AUTOMATIC,41081
2015,RENAULT,MEGANE_III,DIESEL,AUTOMATIC,36169
2013,NISSAN,QASHQAI,DIESEL,MANUAL,141443
2016,RENAULT,fluENCE,DIESEL,AUTOMATIC,22302
2015,RENAULT,megANE_III,DIESEL,AUTOMATIC,43
2015,RENAULT,meGANE_III,DIESEL,AUTOMATIC,46136
2015,RENAULT,meGANE_III,DIESEL,AUTOMATIC,44263
2014,HYUNDAI,MAREA,DIESEL,AUTOMATIC,72820
2016,FIAT,Egea,DIESEL,MANUAL,29831
2016,RENAULT,FLUENCE,DIESEL,MANUAL,17902
2016,RENAULT,FLUENCE,DIESEL,AUTOMATIC,19745
2012,VOLKSWAGEN,jetta,DIESEL,AUTOMATIC,81254
2014,VOLKSWAGEN,jetta,DIESEL,AUTOMATIC,67875
2014,toYOTA,corolLA,DIESEL,auTOMATIC,43
2014,reNAULT,latITUDE,DIESEL,aUTOMATIC,48474
2014,RENAULT,latITUDE,DIESEL,autoMATIC,42663
2014,RENAULT,LATITUDE,DIESEL,autoMATIC,47135
2015,CITROEN,C5,DIESEL,auTOMATIC,58299
2013,VOLKSWAGEN,JETTA,DIESEL,auTOMATIC,127317
2012,VOLVO,S60,DIESEL,manual,146310
2013,VOLKSWAGEN,JETTA,DIESEL,automatic,"66084,0"
2015,TOYOTA,COROLLA,DIESEL,auTOMATIC,24324
2016,FORD,FOCUS,DIESEL,maNUAL,23304
2015,SKODA,oCTAVIA,DIESEL,AUTOMATIC,39624
2016,VOLKSWAGEN,gOLF,DIESEL,MANUAL,333
2015,SKODA,oCTAVIA,DIESEL,AUTOMATIC,46274
2015,SKODA,ocTAVIA,DIESEL,AUTOMATIC,51784
2015,skoDA,ocTAVIA,DIESEL,AUTOMATIC,518
2016,OPEL,asTRA,diESEL,AUTOMATIC,12
2014,VOLKSWAGEN,jetta,diesEL,AUTOMATIC,54716
2014,VOLKSWAGEN,jeTTA,diESEL,AUTOMATIC,93922
2014,VOLKSWAGEN,jettA,diESEL,AUTOMATIC,944
2016,opeL,asTRA,diESEL,AUTOMATIC,355
2013,VOLKSWAGEN,pasSAT,peTROL,AUTOMATIC,102663
2016,oPEL,s60,diESEL,AUTOMATIC,303
2013,foRD,MONDEO,dIESEL,aUTOMATIC,65
2013,VOLKSWAGEN,PASSAT,dIESEL,auTOMATIC,711
2015,VOLKSWAGEN,JETTA,dIESEL,autOMATIC,"43473,0"
2013,FIAT,FREEMONT,dIESEL,autoMATIC,464
2013,VOLVO,S60,dIESEL,automATIC,129134
2013,FORD,MONDEO,DIESEL,autoMATIC,82
2013,FORD,MONDEO,DIESEL,AUTOMATIC,819
2013,FIAT,FREEMONT,DIESEL,AUTOMATIC,52540
2011,MERCEDES_BENZ,C_SERISI,PETROL,AUTOMATIC,141
2013,FIAT,FREEMONT,DIESEL,AUTOMATIC,934
2014,VOLKSWAGEN,PASSAT,DIESEL,AUTOMATIC,48661
2014,VOLKSWAGEN,JETTA,DIESEL,AUTOMATIC,68247
2016,skoDA,OCTAVIA,DIESEL,AUTOMATIC,178
2013,MERCEDES_BENZ,C_SERISI,PETROL,AUTOMATIC,"1207,0"
